metric,value,delta_vs_base
units_base,8555.065026479999,
units_cal,8555.065026479999,0.0
revenue_base,1003841.5057336914,
revenue_cal,1003841.5057336914,0.0
