delta_units,delta_revenue,delta_margin
-7429.634037578829,-916795.2962311362,-275038.5888693408
